<?xml version="1.0" encoding="utf-8"?>
<eml:eml xmlns:eml="eml://ecoinformatics.org/eml-2.1.1" xmlns:xsi="http://www.w3.org/2001/XMLSchema-instance"
         xsi:schemaLocation="eml://ecoinformatics.org/eml-2.1.1 http://rs.gbif.org/schema/eml-gbif-profile/1.2/eml.xsd"
packageId="10.15468/dl.8k95tq"  system="http://gbif.org" scope="system"
xml:lang="en">

    <dataset>
                <alternateIdentifier>0195340-230224095556074</alternateIdentifier>
        <title>GBIF Occurrence Download 10.15468/dl.8k95tq</title>
            <creator>
            <individualName>
                    <surName>GBIF Download Service</surName>
            </individualName>
<electronicMailAddress>support@gbif.org</electronicMailAddress>            </creator>
            <metadataProvider>
            <individualName>
                    <surName>GBIF Download Service</surName>
            </individualName>
<electronicMailAddress>support@gbif.org</electronicMailAddress>            </metadataProvider>
            <pubDate>
                2023-04-26
            </pubDate>
        <language>ENGLISH</language>
            <abstract>
                    <para>A dataset containing all occurrences available in GBIF matching the query:
{
  &quot;TaxonKey&quot; : [
    &quot;is Eulimnogammarus verrucosus (Gerstfeldt, 1858)&quot;
  ]
}
The dataset includes records from the following constituent datasets. The full metadata for each constituent is also included in this archive:
220 records from International Barcode of Life project (iBOL)
1 records from Invertebrata varia (Luomus)
2 records from Collection Crustacea - ZMB
5 records from Natural History Museum (London) Collection Specimens
1 records from Invertebrate Zoology Division, Yale Peabody Museum
48 records from RBINS DaRWIN
1 records from Collection Crustacea - SNSD
218 records from INSDC Sequences
48 records from Royal Belgian Institute of Natural Sciences Crustacea collection
1 records from Canadian Museum of Nature Crustacea Collection
1 records from CAS Invertebrate Zoology (IZ)
1 records from Naturalis Biodiversity Center (NL) - Crustacea
1 records from Fauna of the splash zone of Lake Baikal
2 records from Crustacea collection (Cru)  at UiO NHM, Oslo
2 records from iNaturalist Research-grade Observations</para>
            </abstract>
            <contact>
            <individualName>
                    <surName>GBIF Download Service</surName>
            </individualName>
<electronicMailAddress>support@gbif.org</electronicMailAddress>            </contact>

    </dataset>

    <additionalMetadata>
        <metadata>
            <gbif>
                <dateStamp>2023-04-26T04:25:14Z</dateStamp>
                <citation identifier="10.15468/dl.8k95tq">GBIF Occurrence Download 10.15468/dl.8k95tq</citation>
                    <physical>
                        <objectName>Darwin Core Archive</objectName>
                        <characterEncoding>UTF-8</characterEncoding>
                        <dataFormat>
                            <externallyDefinedFormat>
                                <formatName>Darwin Core Archive</formatName>
                            </externallyDefinedFormat>
                        </dataFormat>
                        <distribution>
                            <online>
                                <url function="download">https://api.gbif.org/v1/occurrence/download/request/0195340-230224095556074.zip</url>
                            </online>
                        </distribution>
                    </physical>
            </gbif>
        </metadata>
    </additionalMetadata>

</eml:eml>
