<?xml version="1.0" encoding="utf-8"?>
<eml:eml xmlns:eml="eml://ecoinformatics.org/eml-2.1.1" xmlns:xsi="http://www.w3.org/2001/XMLSchema-instance"
         xsi:schemaLocation="eml://ecoinformatics.org/eml-2.1.1 http://rs.gbif.org/schema/eml-gbif-profile/1.2/eml.xsd"
packageId="6b974e5b-562e-4631-9ad7-660354e07d9d"  system="http://gbif.org" scope="system"
xml:lang="en">

    <dataset>
            <alternateIdentifier>10.15468/t4szw9</alternateIdentifier>
                <alternateIdentifier>6b974e5b-562e-4631-9ad7-660354e07d9d</alternateIdentifier>
                <alternateIdentifier>http://ipt.ugrasu.ru:8080/resource?r=splashzonebaikal</alternateIdentifier>
        <title>Fauna of the splash zone of Lake Baikal</title>
            <creator>
            <individualName>
<givenName>Olga</givenName>                    <surName>Medvezhonkova</surName>
            </individualName>
<organizationName>Limnological Institut SB RAS</organizationName><positionName>junior researcher</positionName>            <address>
<deliveryPoint>Ulan-Batorskaya, 3</deliveryPoint><city>Irkutsk</city><administrativeArea>Irkutskaya ollast`</administrativeArea><postalCode>664033</postalCode><country>RUSSIAN_FEDERATION</country>            </address>
<electronicMailAddress>popova-olga87@yandex.ru</electronicMailAddress>            <userId directory="http://orcid.org/">0000-0002-7263-4649</userId>
            </creator>
            <creator>
            <individualName>
<givenName>Yulia</givenName>                    <surName>Zvereva</surName>
            </individualName>
<organizationName>Limnological Institut SB RAS</organizationName><positionName>junior researcher</positionName>            <address>
<deliveryPoint>Ulan-Batorskaya, 3</deliveryPoint><city>Irkutsk</city><administrativeArea>Irkutskaya ollast`</administrativeArea><postalCode>664033</postalCode><country>RUSSIAN_FEDERATION</country>            </address>
<electronicMailAddress>spongebobuz@yandex.ru</electronicMailAddress>            <userId directory="http://orcid.org/">0000-0002-4193-5000</userId>
            </creator>
            <creator>
            <individualName>
<givenName>Anton</givenName>                    <surName>Luhnev</surName>
            </individualName>
<organizationName>Limnological Institut SB RAS</organizationName><positionName>researcher</positionName>            <address>
<deliveryPoint>Ulan-Batorskaya, 3</deliveryPoint><city>Irkutsk</city><administrativeArea>Irkutskaya ollast`</administrativeArea><postalCode>664033</postalCode><country>RUSSIAN_FEDERATION</country>            </address>
<electronicMailAddress>luhnev.ant@yandex.ru</electronicMailAddress>            <userId directory="http://orcid.org/">0000-0002-9741-8600</userId>
            </creator>
            <creator>
            <individualName>
<givenName>Oleg</givenName>                    <surName>Timoshkin</surName>
            </individualName>
<organizationName>Limnological Institut SB RAS, Laboratory of Aquatic Invertebrate Biology</organizationName><positionName>Head of Laboratory</positionName>            <address>
<deliveryPoint>Ulan-Batorskaya, 3</deliveryPoint><administrativeArea>Irkutskaya ollast`</administrativeArea><postalCode>664033</postalCode>            </address>
<electronicMailAddress>tim@lin.irk.ru</electronicMailAddress>            <userId directory="http://orcid.org/">0000-0001-6476-0074</userId>
            </creator>
            <metadataProvider>
            <individualName>
<givenName>Olga</givenName>                    <surName>Medvezhonkova</surName>
            </individualName>
<organizationName>Limnological Institut SB RAS</organizationName><positionName>junior researcher</positionName>            <address>
<deliveryPoint>Ulan-Batorskaya, 3</deliveryPoint><city>Irkutsk</city><administrativeArea>Irkutskaya ollast`</administrativeArea><postalCode>664033</postalCode><country>RUSSIAN_FEDERATION</country>            </address>
<electronicMailAddress>popova-olga87@yandex.ru</electronicMailAddress>            <userId directory="http://orcid.org/">0000-0002-7263-4649</userId>
            </metadataProvider>
            <associatedParty>
            <individualName>
<givenName>Nina</givenName>                    <surName>Filippova</surName>
            </individualName>
<electronicMailAddress>filippova.courlee.nina@gmail.com</electronicMailAddress>            <role>USER</role>
            </associatedParty>
            <pubDate>
                2022-06-16
            </pubDate>
        <language>ENGLISH</language>
            <abstract>
                    <para>It became a matter of common knowledge that the fauna of Lake Baikal, like many of its other features, are unique. Benthic communities of the littoral part, demonstrating highest diversity in the lake ecosystem, were the area of researchers concern for a long time. However, a part of the littoral, called splash zone (hygroarenal), an ecotone – a transitional area of environmental media (water, soil and air), remains poorly studied. Meanwhile, this zone is inhabited by curious organism communities dwelling in interstitial spaces under highly unstable conditions. It is well known that these communities include specific species and species from the adjacent littoral habitats and terrestrial biotopes. Besides, they exhibit high abundance and biomass values. This dataset presents a list of multicellular animal findings from rocky and sandy lake beaches above the water’s edge, permanently or temporarily wetted by capillary water and waves. It is based on literature sources (63%), including 27 entries, and original data (37%). The dataset lists representatives of 17 classes attributed to 7 invertebrate animal types. Rotifera displays the highest number of species and subspecies (66 of 24 genera), 42 species (23 genera) are from Nematoda group. Chironomidae are represented by 27 species, Turbellaria – 23, Oligochaeta – 1r6, Amphipoda – 15, Cyclopoida – 11. The remaining taxonomic groups, Polychaeta, Gastrotricha, Hirudinea, Gastropoda, Isopoda, Bathynellidae, Tardigrada, Cladocera, Ostracoda, Harpacticoida, Acariformes, Collembola, Plecoptera and Trichoptera contain 1 to 8 species each.</para>
            </abstract>
                <keywordSet>
                        <keyword>Occurrence</keyword>
                        <keywordThesaurus>GBIF Dataset Type Vocabulary: http://rs.gbif.org/vocabulary/gbif/dataset_type_2015-07-10.xml</keywordThesaurus>
                </keywordSet>
                <keywordSet>
                        <keyword>beaches</keyword>
                        <keyword>benthos</keyword>
                        <keyword>Baikal</keyword>
                        <keyword>invertabrates</keyword>
                        <keyword>splash zone</keyword>
                        <keyword>psammon</keyword>
                        <keywordThesaurus>n/a</keywordThesaurus>
                </keywordSet>
            <intellectualRights>
                    <para>This work is licensed under a <ulink url="http://creativecommons.org/licenses/by/4.0/legalcode"><citetitle>Creative Commons Attribution (CC-BY) 4.0 License</citetitle></ulink>.</para>
            </intellectualRights>
            <coverage>
                    <geographicCoverage>
                            <geographicDescription>The database describes animals collected in the splash zone along the entire Lake Baikal shore. A splash zone is a part of the lake littoral zone above the water’s edge subject to wetting by splash from breaking waves. Lake Baikal is located in the southern part of Eastern Siberia within the republic of Buryatia and Irkutsk province (Russia). It is the deepest lake in the world and the world’s largest freshwater lake by volume. The shoreline of Lake Baikal, 80 % of which are steep abrasion shores, is approximately 1800 km long. Aggradation shores occupy only 20 % of this area and are located mainly on the eastern shore, pebble beaches, being most widespread. The dataset presents findings from sandy and pebble beaches of the lake, the major part of which were collected in the southern basin of Baikal. Beaches near Listvyanka settlement, Berezovy Cape, Bolshye Koty Bay and Peschanaya Bay were studied most thoroughly.</geographicDescription>
                            <boundingCoordinates>
                                <westBoundingCoordinate>103.67</westBoundingCoordinate>
                                <eastBoundingCoordinate>109.97</eastBoundingCoordinate>
                                <northBoundingCoordinate>55.88</northBoundingCoordinate>
                                <southBoundingCoordinate>51.42</southBoundingCoordinate>
                            </boundingCoordinates>
                    </geographicCoverage>
                    <temporalCoverage>
                            <rangeOfDates>
                                <beginDate>
                                    <calendarDate>                1982-07-19
</calendarDate>
                                </beginDate>
                                <endDate>
                                    <calendarDate>                2016-05-28
</calendarDate>
                                </endDate>
                            </rangeOfDates>
                    </temporalCoverage>
                        <taxonomicCoverage>
                                <generalTaxonomicCoverage>The dataset lists representatives of 17 classes belonging to 7 invertebrate types, dwelling in interstitial spaces between ground particles. Two groups, macro- and meiobenthos, defined by their size and function, were examined. Rotifera is characterized by the largest species and subspecies number (66 of 24 genera). 42 species (23 genera) are from the Nematoda group. Chironomidae are represented by 27 species, Turbellaria – 23, Oligochaeta – 16, Amphipoda – 15, Cyclopoida – 11. The remaining taxonomic groups, Polychaeta, Gastrotricha, Hirudinea, Gastropoda, Isopoda, Bathynellidae, Tardigrada, Cladocera, Ostracoda, Harpacticoida, Acariformes, Collembola, Plecoptera and Trichoptera include 1 to 8 species each.</generalTaxonomicCoverage>
                                <taxonomicClassification>
                                    <taxonRankValue>Animalia</taxonRankValue>
                                </taxonomicClassification>
                        </taxonomicCoverage>
            </coverage>
            <maintenance>
                <description>
                    <para></para>
                </description>
                <maintenanceUpdateFrequency>unkown</maintenanceUpdateFrequency>
            </maintenance>
            <contact>
            <individualName>
<givenName>Olga</givenName>                    <surName>Medvezhonkova</surName>
            </individualName>
<organizationName>Limnological Institut SB RAS</organizationName><positionName>junior researcher</positionName>            <address>
<deliveryPoint>Ulan-Batorskaya, 3</deliveryPoint><city>Irkutsk</city><administrativeArea>Irkutskaya ollast`</administrativeArea><postalCode>664033</postalCode><country>RUSSIAN_FEDERATION</country>            </address>
<electronicMailAddress>popova-olga87@yandex.ru</electronicMailAddress>            <userId directory="http://orcid.org/">0000-0002-7263-4649</userId>
            </contact>
            <methods>
                    <methodStep>
                        <description>
                            <para>Data preparation algorithm included the following steps: 
Literature search for any records of finding multicellular animals in the splash zone of Lake Baikal.</para>
                        </description>
                    </methodStep>
                    <methodStep>
                        <description>
                            <para>Sampling in the splash zone of pebble-gravel beaches on Lake Baikal during field surveys in 2010-2015. Two approaches were made use of: A) A hole was dug reaching the groundwater level (0-2,5 m above the water’s edge). The water was stirred in the hole, collected and filtered through a nylon sieve (0.14 mm mesh size). B) A plastic tube (56 mm in diameter) was immersed in sand of the splash zone. The tube with sand was lifted out of sand with a spatula. Then, the sand was transferred into a bowl with filtered Baikal water. The specimens were extracted by multiple stirring of water with sand and filtering the supernatant through a sieve (0.14 mm mesh size). The content of the net was transferred in a container with 70% ethyl alcohol.</para>
                        </description>
                    </methodStep>
                    <methodStep>
                        <description>
                            <para>In laboratory, specimens with the body size over 0,3 mm were selected from a fixed sample using  pincers or pipette under a stereoscopic microscope MBS-10 (6x-50x magnification).</para>
                        </description>
                    </methodStep>
                    <methodStep>
                        <description>
                            <para>Whole mounts were prepared to identify Turbellaria, Tardigrada and Chirinimidae species. The specimens were mounted on a slide in Fora-Berlese medium (chloral hydrate, gum arabic, glycerin, water). Oligochaete species were identified on temporary slides in glycerin or whole mounts in Canada balsam. Examination and measurement of temporary and permanent slide preparations were performed using Meiji Techno Co, Olympus CX 21 FS1 and Nikon (50x-1000x) microscopes. Microphotographs are obtained under transmitted light microscopes using a ToupCam digital camera. Methods used in species identification of organism groups, included into the database from literature sources, can be found in appropriate reference lists.</para>
                        </description>
                    </methodStep>
                    <methodStep>
                        <description>
                            <para>Original material on slides is stored in the collection of the Laboratory of Aquatic invertebrate biology at the Limnological Institute SB RAS (Irkutsk).</para>
                        </description>
                    </methodStep>
                    <sampling>
                        <studyExtent>
                            <description>
                                <para>First of all, quantitative and qualitative samples were collected from the splash zone on sandy and rocky beaches of Lake Baikal from May until October, 2010-2015 when the beaches were ice-free. Observations were performed on 12 beaches, 8of them in Southern Baikal and 4 in the Northern Baikal. Most of the samples were collected in Bolshye Koty bay (Southern Baikal) (51.90, 105.06). The specimens that were included into the database from literature sources were collected on 30 lake beaches, 12 of which located in the Southern Baikal, 15 in the Middle and 3 in the Northern Baikal. The earliest findings refer to 1920s, the most recent ones to 2015. A more detailed information on the sampling sites and periods reported in literature is provided in the reference list.</para>
                            </description>
                        </studyExtent>
                        <samplingDescription>
                            <para>In the splash zone, samples were collected at a distance from 0 to 2.5 m above the water’s edge using two approaches. First, interstitial water present in a hole made in the sand was collected and filtered through a 0.14 µm sieve net. Second, sand was collected by a plastic tube, organisms were extracted by multiple stirring in water and filtering the supernatant through a net. The material from the net was transferred into a container with 70% ethyl alcohol. Specimens with the body size over 0.3 mm were selected from a fixed sample under a stereoscopic microscope MBS-10. Species were identified according to the classification schemes of particular systematic groups using keys or original descriptions. Records included into the database from literature were collected following analogous patterns. However, descriptions of certain specific procedures, such as sampling from pebble grounds, may be found checking reference lists.</para>
                        </samplingDescription>
                    </sampling>
            </methods>

    </dataset>

    <additionalMetadata>
        <metadata>
            <gbif>
                <dateStamp>2023-04-26T04:29:39Z</dateStamp>
                <citation>Medvezhonkova O, Zvereva Y, Luhnev A, Timoshkin O (2022). Fauna of the splash zone of Lake Baikal. Version 1.3. Limnological Institute. Occurrence dataset https://doi.org/10.15468/t4szw9 accessed via GBIF.org on 2023-04-26.</citation>
                    <bibliography>
                <citation identifier="10.18348/opzool.2017.S2.11">Zvereva Yu.M., Timoshkin O.A. Feeding spectrum of a dominant splash zone enchytraeid, Mesenchytraeus bungei Michaelsen, 1901 (Annelida: Oligochaeta), in Lake Baikal (East Siberia) // Opuscula Zoologica Budapest. 2017. – V. 48(Supplementum 2). – P. 11–20. DOI 10.18348/opzool.2017.S2.11</citation>
                <citation identifier="10.1007/BF00006880">Boxshall G. A., Evstigneeva T. D., Clark P. F. A new interstitial cyclopoid copepod from a sandy beach on the western shore of Lake Baikal, Siberia // Hydrobiologia. 1993. Т. 268. № 2. С. 99–107. DOI 10.1007/BF00006880</citation>
                <citation identifier="10.11646/zootaxa.4353.1.8">Naumova T. V., Gagarin V. G. Tobrilus saprophagus sp. n. and Epitobrilus interstitialis sp. n. (Nematoda, Triplonchida) from Lake Baikal, Russia // Zootaxa. 2017. Т. 4353. № 1. С. 133–145. DOI 10.11646/zootaxa.4353.1.8</citation>
                <citation identifier="10.1134/S1995082919040096">Naumova T. V., Medvezhonkova O. V., Gagarin V. G. Fauna of Free-Living Nematodes (Nematoda) of Sandy Beaches of Lake Baikal Splash Zone in Intense and Moderate Anthropogenic Influence Areas // Inland Waters Biology. 2019. Т. 12. № SUPPL 2. С. 81–87. DOI 10.1134/S1995082919040096</citation>
                <citation>Timm T. Some Enchytraeidae from the shore of Lake Baikal. Newsletter on Enchytraeidae 8 (2003): 1-9.</citation>
                <citation>Алексеев В. Р., Аров И. В. Новый вид рода Diacyclops (Crustacea, Copepoda) из эулиторали озера Байкал // Зоологический журнал. 1986. Т. 65. № 7. С. 1084–1087.</citation>
                <citation>Аров И. В. Коловратки (Rotatoria) псаммона озера Байкал: диссертация … канд. биол. наук: 11.05.1988. Ленинград, 1987. 150 с.</citation>
                <citation>Бисеров В. И., Дудичев А. Л. Тихоходки (Tardigrada) // Аннотированный список фауны озера Байкал и его водосборного бассейна 2. Новосибирск: Наука, 2004. С. 929–934.</citation>
                <citation>Вейнберг И. В., Камалтынов Р. М. Сообщества макрозообентоса каменистого пляжа озера Байкал. 1. Фауна // Зоол. журнал. 1998. Т. 77. № 2. С. 158–165.</citation>
                <citation>Вейнберг И. В., Шевелева Н. Г., Тимошкин О. А. Сообщества интерстициали Байкальского пляжа // Тезисы международной конференции. Удэ (Россия) – Улан-Батор (Монголия): Улан-Удэ: Изд-во Бурятского научного центра СО РАН, 2004. С. 191–192.</citation>
                <citation>Гагарин В. Г., Наумова Т. В. Новые для науки виды свободноживущих нематод (Nematoda) из оз. Байкал и водоемов Дальнего Востока России // Биология Внутренних Вод. 2018. № 4/ C.18–27. DOI 10.1134/S032096521804006X</citation>
                <citation>Евстигнеева Т. Д., Окунева Г. Л. Гарпактициды // Аннотированный список фауны озера Байкал и его водосборного бассейна Т. 1, кн. 1. Новосибирск: Наука, 2001. С. 468–490.</citation>
                <citation>Зайцева Е. П., Тимошкин О. А., Вейнберг И. В. Видовой состав и количественные характеристики микротурбеллярий сообшеств пляжа южного Байкала // Тезисы международной конференции. Удэ (Россия) – Улан-Батор (Монголия): Улан-Удэ: Изд-во Бурятского научного центра СО РАН, 2004. С. 196–197.</citation>
                <citation>Зверева Ю. М. и др. Особенности экологии Mesenchytraeus bungei Michaelsen (Annelida, Oligochaeta) – массового вида олигохет зоны заплеска озера байкал // Известия Иркутского государственного университета. Серия: Биология. Экология. 2012. Т. 5. № 3. С. 123–135.</citation>
                <citation>Изосимов В. В. Новые сведения о фауне глубоководных олигохет озера Байкал // Труды Всесоюзного Географического Общества. 1962. № 17. С. 33–36.</citation>
                <citation>Камалтынов Р. М. Амфиподы (Amphipoda: Gammaroidea) // Аннотированный список фауны озера Байкал и его водосборного бассейна Т. 1, кн. 1. Новосибирск: Наука, 2001. С. 572–831.</citation>
                <citation>Кожов М. М. К познанию фауны Байкала, ее распределение и условия обитания // Изв. Биол.-геогр. НИИ при Иркутском ун-те. 1931. Т. 5. № 1. С. 1–171.</citation>
                <citation>Мазепова Г. Ф. Циклопы (Cyclopoida) // Аннотированный список фауны озера Байкал и его водосборного бассейна 1. Новосибирск: Наука, 2001. С. 451–467.</citation>
                <citation>Семерной В. П. Малощетинковые черви (Annelidae: Oligochaeta) и Эолосоматиды (Annelidae: Aeolosomatidae) // Аннотированный список фауны озера Байкал и его водосборного бассейна. Т. 1, кн. 1. Новосибирск: Наука, 2001. С. 377–427.</citation>
                <citation>Снимщикова Л. Н. Снимщикова Л.Н. Олигохеты Северного Байкала. Сер. Фауна Байкала / АН СССР. СО. Лимнол. ин-т. ред. Линевич А.А. – Новосибирск. 1987. – С. 105. Новосибирск: , 1987. Вып. АН СССР. СО. Лимнологический институт. 105 с.</citation>
                <citation>Тимошкин О. А. Особенности биологии и строения видов рода Geocentrophora (Lecithoepitheliata, Prorhynchidae) из озера Байкал // Зоол. журнал. 1984. Т. 63. № 10. С. 1464–1470.</citation>
                <citation>Тимошкин О. А. Ресничные черви (Plathelminthes: Turbellaria) // Аннотированный список фауны озера Байкал и его водосборного бассейна 1. Новосибирск: Наука, 2001. С. 196–227.</citation>
                <citation identifier="10.7868/S0044513414030167">Тимошкин О. А. и др. Фауна и особенности распределения микротурбеллярий заплесковой зоны озера Байкал с описанием новых видов рода Opisthocystis (Plathelminthes, Turbellaria,Kalyptorhynchia) // Зоол. журнал. 2014. Т. 93. № 3. С. 412–425. DOI 10.7868/S0044513414030167</citation>
                <citation>Шевелева Н. Г. и др. Биология прибрежной зоны озера Байкал Сообщение 4. Таксономическое разнообразие бентосной фауны заплесковой зоны озера Байкал в районе мыс Берёзовый – бухта Бол. Коты // Известия ИГУ. Серия «Биология. Экология». 2013. Т. 6. № 2. С. 131–142.</citation>
                    </bibliography>
                        <collection>
                            <parentCollectionIdentifier></parentCollectionIdentifier>
                            <collectionIdentifier></collectionIdentifier>
                            <collectionName>Original material on slides is stored in the collection of the Laboratory of Aquatic invertebrate biology at the Limnological Institute SB RAS (Irkutsk).</collectionName>
                        </collection>
            </gbif>
        </metadata>
    </additionalMetadata>

</eml:eml>
