<?xml version="1.0" encoding="utf-8"?>
<eml:eml xmlns:eml="eml://ecoinformatics.org/eml-2.1.1" xmlns:xsi="http://www.w3.org/2001/XMLSchema-instance"
         xsi:schemaLocation="eml://ecoinformatics.org/eml-2.1.1 http://rs.gbif.org/schema/eml-gbif-profile/1.2/eml.xsd"
packageId="7b84c0a2-f762-11e1-a439-00145eb45e9a"  system="http://gbif.org" scope="system"
xml:lang="en">

    <dataset>
            <alternateIdentifier>10.15468/fwghff</alternateIdentifier>
                <alternateIdentifier>11852</alternateIdentifier>
        <title>Collection Crustacea - ZMB</title>
            <associatedParty>
            <individualName>
                    <surName>Andreas Allspach</surName>
            </individualName>
            <address>
<deliveryPoint>Senckenberg, Senckenberganlage 25, D-60325 Frankfurt am Main, Germany</deliveryPoint>            </address>
<electronicMailAddress>info_sesam@senckenberg.de</electronicMailAddress>            <role>TECHNICAL_POINT_OF_CONTACT</role>
            </associatedParty>
        <language>en</language>
            <abstract>
                    <para>Crustacea, mainly Amphipoda and Isopoda</para>
            </abstract>
            <intellectualRights>
                    <para>This work is licensed under a <ulink url="http://creativecommons.org/licenses/by/4.0/legalcode"><citetitle>Creative Commons Attribution (CC-BY) 4.0 License</citetitle></ulink>.</para>
            </intellectualRights>
            <distribution scope="document">
                <online>
                    <url function="information">http://www.mfn-berlin.de/mitarbeiter/mitarbeiter.asp?name=Oliver.Coleman</url>
                </online>
            </distribution>
            <contact>
            <individualName>
                    <surName>Dr. Charles Oliver Coleman</surName>
            </individualName>
            </contact>

    </dataset>

    <additionalMetadata>
        <metadata>
            <gbif>
                <dateStamp>2023-04-26T04:29:38Z</dateStamp>
                <citation>Senckenberg. Collection Crustacea - ZMB. Occurrence dataset https://doi.org/10.15468/fwghff accessed via GBIF.org on 2023-04-26.</citation>
            </gbif>
        </metadata>
    </additionalMetadata>

</eml:eml>
