<?xml version="1.0" encoding="utf-8"?>
<eml:eml xmlns:eml="eml://ecoinformatics.org/eml-2.1.1" xmlns:xsi="http://www.w3.org/2001/XMLSchema-instance"
         xsi:schemaLocation="eml://ecoinformatics.org/eml-2.1.1 http://rs.gbif.org/schema/eml-gbif-profile/1.2/eml.xsd"
packageId="d3c28e6c-1192-4ef4-a38a-df790df16dc3"  system="http://gbif.org" scope="system"
xml:lang="en">

    <dataset>
            <alternateIdentifier>10.15468/98cxtc</alternateIdentifier>
        <title>Estonian Museum of Natural History Department of Zoology</title>
            <creator>
            <individualName>
<givenName>Lennart</givenName>                    <surName>Lennuk</surName>
            </individualName>
<positionName>Curator</positionName><electronicMailAddress>lennart.lennuk@loodusmuuseum.ee</electronicMailAddress>            </creator>
            <metadataProvider>
            <individualName>
<givenName>Lennart</givenName>                    <surName>Lennuk</surName>
            </individualName>
<positionName>Curator</positionName><electronicMailAddress>lennart.lennuk@loodusmuuseum.ee</electronicMailAddress>            </metadataProvider>
        <language>ENGLISH</language>
            <abstract>
                    <para>The zoological collections of the Museum of Natural History contain approximately 130,000 specimens. The collections boast a wide selection of both vertebrate and invertebrate species from Estonia as well as other parts of the world.

The Museum of Natural History’s entomological collections contain nearly 109,000 specimens. The largest part thereof is comprised of material collected in Estonia.</para>
            </abstract>
            <intellectualRights>
                    <para>This work is licensed under a <ulink url="http://creativecommons.org/licenses/by/4.0/legalcode"><citetitle>Creative Commons Attribution (CC-BY) 4.0 License</citetitle></ulink>.</para>
            </intellectualRights>
            <distribution scope="document">
                <online>
                    <url function="information">https://www.loodusmuuseum.ee/en/zoological-collection</url>
                </online>
            </distribution>
            <contact>
            <individualName>
<givenName>Lennart</givenName>                    <surName>Lennuk</surName>
            </individualName>
<positionName>Curator</positionName><electronicMailAddress>lennart.lennuk@loodusmuuseum.ee</electronicMailAddress>            </contact>
            <contact>
            <individualName>
<givenName>Aare</givenName>                    <surName>Lindt</surName>
            </individualName>
<positionName>Curator</positionName><electronicMailAddress>aare.lindt@loodusmuuseum.ee</electronicMailAddress>            <userId directory="https://orcid.org/">0000-0003-2235-4822</userId>
            </contact>
            <contact>
            <individualName>
<givenName>Uno</givenName>                    <surName>Roosileht</surName>
            </individualName>
<positionName>Curator</positionName><electronicMailAddress>uno.roosileht@loodusmuuseum.ee</electronicMailAddress>            </contact>

            <project >
                <title></title>
                <abstract>
                    <para></para>
                </abstract>
                <funding>
                    <para></para>
                </funding>
            </project>
    </dataset>

    <additionalMetadata>
        <metadata>
            <gbif>
                <dateStamp>2023-04-26T04:29:38Z</dateStamp>
                <citation>Lennuk L. Estonian Museum of Natural History Department of Zoology. Estonian Museum of Natural History. Occurrence dataset https://doi.org/10.15468/98cxtc accessed via GBIF.org on 2023-04-26.</citation>
                    <resourceLogoUrl>https://files.plutof.ut.ee/public/orig/0F/C4/0FC4221A24D12DF8B638A2A82B2083C613523D55A6C09506BD29DC3159FA0DC9.png</resourceLogoUrl>
            </gbif>
        </metadata>
    </additionalMetadata>

</eml:eml>
