<?xml version="1.0" encoding="utf-8"?>
<eml:eml xmlns:eml="eml://ecoinformatics.org/eml-2.1.1" xmlns:xsi="http://www.w3.org/2001/XMLSchema-instance"
         xsi:schemaLocation="eml://ecoinformatics.org/eml-2.1.1 http://rs.gbif.org/schema/eml-gbif-profile/1.2/eml.xsd"
packageId="10.15468/dl.3j7nfh"  system="http://gbif.org" scope="system"
xml:lang="en">

    <dataset>
                <alternateIdentifier>0195345-230224095556074</alternateIdentifier>
        <title>GBIF Occurrence Download 10.15468/dl.3j7nfh</title>
            <creator>
            <individualName>
                    <surName>GBIF Download Service</surName>
            </individualName>
<electronicMailAddress>support@gbif.org</electronicMailAddress>            </creator>
            <metadataProvider>
            <individualName>
                    <surName>GBIF Download Service</surName>
            </individualName>
<electronicMailAddress>support@gbif.org</electronicMailAddress>            </metadataProvider>
            <pubDate>
                2023-04-26
            </pubDate>
        <language>ENGLISH</language>
            <abstract>
                    <para>A dataset containing all occurrences available in GBIF matching the query:
{
  &quot;TaxonKey&quot; : [
    &quot;is Gmelinoides fasciatus (Stebbing, 1899)&quot;
  ]
}
The dataset includes records from the following constituent datasets. The full metadata for each constituent is also included in this archive:
106 records from International Barcode of Life project (iBOL)
27 records from Data on the biodiversity of macrophyte communities and associated aquatic organisms in lakes of the Vologda Region (North-Western Russia): algae and invertebrates
26 records from Alien aquatic invertebrates of Republic of Karelia: Baikalian Amphipoda (Gmelinoides fasciata (Stebbing, 1899)
3 records from Invertebrata varia (Luomus)
1 records from Collection Crustacea - ZMB
2 records from Natural History Museum (London) Collection Specimens
1 records from Invertebrate Zoology Division, Yale Peabody Museum
1 records from Estonian Museum of Natural History Department of Zoology
5 records from RBINS DaRWIN
1 records from Collection Crustacea - SNSD
4 records from INSDC Sequences
5 records from Royal Belgian Institute of Natural Sciences Crustacea collection
1 records from NMNH Extant Specimen Records (USNM, US)
2 records from Fauna of the splash zone of Lake Baikal
1 records from Crustacea collection (Cru)  at UiO NHM, Oslo
1 records from Collection Crustacea - ZIM Hamburg
5 records from Estonian Naturalists’ Society
1 records from Collection Crustacea SMF</para>
            </abstract>
            <contact>
            <individualName>
                    <surName>GBIF Download Service</surName>
            </individualName>
<electronicMailAddress>support@gbif.org</electronicMailAddress>            </contact>

    </dataset>

    <additionalMetadata>
        <metadata>
            <gbif>
                <dateStamp>2023-04-26T04:29:40Z</dateStamp>
                <citation identifier="10.15468/dl.3j7nfh">GBIF Occurrence Download 10.15468/dl.3j7nfh</citation>
                    <physical>
                        <objectName>Darwin Core Archive</objectName>
                        <characterEncoding>UTF-8</characterEncoding>
                        <dataFormat>
                            <externallyDefinedFormat>
                                <formatName>Darwin Core Archive</formatName>
                            </externallyDefinedFormat>
                        </dataFormat>
                        <distribution>
                            <online>
                                <url function="download">https://api.gbif.org/v1/occurrence/download/request/0195345-230224095556074.zip</url>
                            </online>
                        </distribution>
                    </physical>
            </gbif>
        </metadata>
    </additionalMetadata>

</eml:eml>
